id,workload,iteration,metric,value,units
orig_bg_cpuset_pi_1,idle,1,execution_time,120.038926125,seconds
orig_bg_cpuset_pi_1,idle,1,sched_cas_attempts,91,
orig_bg_cpuset_pi_1,idle,1,sched_fbt_attempts,905,
orig_bg_cpuset_pi_1,idle,1,sched_fbt_count,905,
orig_bg_cpuset_pi_1,idle,1,sched_fbt_no_cpu,0,
orig_bg_cpuset_pi_1,idle,1,sched_fbt_no_sd,0,
orig_bg_cpuset_pi_1,idle,1,sched_fbt_pref_idle,209,
orig_bg_cpuset_pi_1,idle,1,sched_secb_attempts,905,
orig_bg_cpuset_pi_1,idle,1,sched_secb_count,0,
orig_bg_cpuset_pi_1,idle,1,sched_secb_idle_bt,0,
orig_bg_cpuset_pi_1,idle,1,sched_secb_insuff_cap,0,
orig_bg_cpuset_pi_1,idle,1,sched_secb_no_nrg_sav,828,
orig_bg_cpuset_pi_1,idle,1,sched_secb_nrg_sav,77,
orig_bg_cpuset_pi_1,idle,1,sched_secb_sync,0,
orig_bg_cpuset_pi_1,idle,1,sched_sis_attempts,154,
orig_bg_cpuset_pi_1,idle,1,sched_sis_cache_affine,4,
orig_bg_cpuset_pi_1,idle,1,sched_sis_count,12,
orig_bg_cpuset_pi_1,idle,1,sched_sis_idle,138,
orig_bg_cpuset_pi_1,idle,1,sched_sis_idle_cpu,12,
orig_bg_cpuset_pi_1,idle,1,sched_sis_suff_cap,0,
orig_bg_cpuset_pi_1,idle,1,sched_tob,218,
orig_bg_cpuset_pi_1,idle,1,sched_tol,951,
orig_bg_cpuset_pi_1,idle,1,Energy,500.631407959,J
orig_bg_cpuset_pi_1,idle,1,Power,4174.826,mW (avg)
orig_bg_cpuset_pi_bst15_1,idle,1,execution_time,120.033290863,seconds
orig_bg_cpuset_pi_bst15_1,idle,1,sched_cas_attempts,54,
orig_bg_cpuset_pi_bst15_1,idle,1,sched_fbt_attempts,912,
orig_bg_cpuset_pi_bst15_1,idle,1,sched_fbt_count,912,
orig_bg_cpuset_pi_bst15_1,idle,1,sched_fbt_no_cpu,0,
orig_bg_cpuset_pi_bst15_1,idle,1,sched_fbt_no_sd,0,
orig_bg_cpuset_pi_bst15_1,idle,1,sched_fbt_pref_idle,213,
orig_bg_cpuset_pi_bst15_1,idle,1,sched_secb_attempts,912,
orig_bg_cpuset_pi_bst15_1,idle,1,sched_secb_count,0,
orig_bg_cpuset_pi_bst15_1,idle,1,sched_secb_idle_bt,0,
orig_bg_cpuset_pi_bst15_1,idle,1,sched_secb_insuff_cap,0,
orig_bg_cpuset_pi_bst15_1,idle,1,sched_secb_no_nrg_sav,882,
orig_bg_cpuset_pi_bst15_1,idle,1,sched_secb_nrg_sav,30,
orig_bg_cpuset_pi_bst15_1,idle,1,sched_secb_sync,0,
orig_bg_cpuset_pi_bst15_1,idle,1,sched_sis_attempts,124,
orig_bg_cpuset_pi_bst15_1,idle,1,sched_sis_cache_affine,38,
orig_bg_cpuset_pi_bst15_1,idle,1,sched_sis_count,19,
orig_bg_cpuset_pi_bst15_1,idle,1,sched_sis_idle,67,
orig_bg_cpuset_pi_bst15_1,idle,1,sched_sis_idle_cpu,19,
orig_bg_cpuset_pi_bst15_1,idle,1,sched_sis_suff_cap,0,
orig_bg_cpuset_pi_bst15_1,idle,1,sched_tob,397,
orig_bg_cpuset_pi_bst15_1,idle,1,sched_tol,716,
orig_bg_cpuset_pi_bst15_1,idle,1,Energy,496.954464019,J
orig_bg_cpuset_pi_bst15_1,idle,1,Power,4142.837,mW (avg)
orig_bg_cpuset_pi_2,audio,1,execution_time,120.032681942,seconds
orig_bg_cpuset_pi_2,audio,1,sched_cas_attempts,93,
orig_bg_cpuset_pi_2,audio,1,sched_fbt_attempts,104127,
orig_bg_cpuset_pi_2,audio,1,sched_fbt_count,104127,
orig_bg_cpuset_pi_2,audio,1,sched_fbt_no_cpu,0,
orig_bg_cpuset_pi_2,audio,1,sched_fbt_no_sd,0,
orig_bg_cpuset_pi_2,audio,1,sched_fbt_pref_idle,64952,
orig_bg_cpuset_pi_2,audio,1,sched_secb_attempts,104127,
orig_bg_cpuset_pi_2,audio,1,sched_secb_count,0,
orig_bg_cpuset_pi_2,audio,1,sched_secb_idle_bt,0,
orig_bg_cpuset_pi_2,audio,1,sched_secb_insuff_cap,0,
orig_bg_cpuset_pi_2,audio,1,sched_secb_no_nrg_sav,104099,
orig_bg_cpuset_pi_2,audio,1,sched_secb_nrg_sav,28,
orig_bg_cpuset_pi_2,audio,1,sched_secb_sync,0,
orig_bg_cpuset_pi_2,audio,1,sched_sis_attempts,208,
orig_bg_cpuset_pi_2,audio,1,sched_sis_cache_affine,65,
orig_bg_cpuset_pi_2,audio,1,sched_sis_count,22,
orig_bg_cpuset_pi_2,audio,1,sched_sis_idle,121,
orig_bg_cpuset_pi_2,audio,1,sched_sis_idle_cpu,19,
orig_bg_cpuset_pi_2,audio,1,sched_sis_suff_cap,0,
orig_bg_cpuset_pi_2,audio,1,sched_tob,4095,
orig_bg_cpuset_pi_2,audio,1,sched_tol,100341,
orig_bg_cpuset_pi_2,audio,1,Energy,526.011805873,J
orig_bg_cpuset_pi_2,audio,1,Power,4385.339,mW (avg)
orig_bg_cpuset_pi_bst15_2,audio,1,execution_time,120.037442923,seconds
orig_bg_cpuset_pi_bst15_2,audio,1,sched_cas_attempts,51,
orig_bg_cpuset_pi_bst15_2,audio,1,sched_fbt_attempts,102337,
orig_bg_cpuset_pi_bst15_2,audio,1,sched_fbt_count,102337,
orig_bg_cpuset_pi_bst15_2,audio,1,sched_fbt_no_cpu,0,
orig_bg_cpuset_pi_bst15_2,audio,1,sched_fbt_no_sd,0,
orig_bg_cpuset_pi_bst15_2,audio,1,sched_fbt_pref_idle,67283,
orig_bg_cpuset_pi_bst15_2,audio,1,sched_secb_attempts,102337,
orig_bg_cpuset_pi_bst15_2,audio,1,sched_secb_count,0,
orig_bg_cpuset_pi_bst15_2,audio,1,sched_secb_idle_bt,0,
orig_bg_cpuset_pi_bst15_2,audio,1,sched_secb_insuff_cap,0,
orig_bg_cpuset_pi_bst15_2,audio,1,sched_secb_no_nrg_sav,102268,
orig_bg_cpuset_pi_bst15_2,audio,1,sched_secb_nrg_sav,69,
orig_bg_cpuset_pi_bst15_2,audio,1,sched_secb_sync,0,
orig_bg_cpuset_pi_bst15_2,audio,1,sched_sis_attempts,217,
orig_bg_cpuset_pi_bst15_2,audio,1,sched_sis_cache_affine,15,
orig_bg_cpuset_pi_bst15_2,audio,1,sched_sis_count,46,
orig_bg_cpuset_pi_bst15_2,audio,1,sched_sis_idle,156,
orig_bg_cpuset_pi_bst15_2,audio,1,sched_sis_idle_cpu,30,
orig_bg_cpuset_pi_bst15_2,audio,1,sched_sis_suff_cap,0,
orig_bg_cpuset_pi_bst15_2,audio,1,sched_tob,57721,
orig_bg_cpuset_pi_bst15_2,audio,1,sched_tol,44901,
orig_bg_cpuset_pi_bst15_2,audio,1,Energy,543.227072838,J
orig_bg_cpuset_pi_bst15_2,audio,1,Power,4528.379,mW (avg)
orig_bg_cpuset_pi_3,video,1,execution_time,60.056743145,seconds
orig_bg_cpuset_pi_3,video,1,sched_cas_attempts,98,
orig_bg_cpuset_pi_3,video,1,sched_fbt_attempts,173004,
orig_bg_cpuset_pi_3,video,1,sched_fbt_count,173004,
orig_bg_cpuset_pi_3,video,1,sched_fbt_no_cpu,0,
orig_bg_cpuset_pi_3,video,1,sched_fbt_no_sd,0,
orig_bg_cpuset_pi_3,video,1,sched_fbt_pref_idle,80823,
orig_bg_cpuset_pi_3,video,1,sched_secb_attempts,173004,
orig_bg_cpuset_pi_3,video,1,sched_secb_count,0,
orig_bg_cpuset_pi_3,video,1,sched_secb_idle_bt,0,
orig_bg_cpuset_pi_3,video,1,sched_secb_insuff_cap,0,
orig_bg_cpuset_pi_3,video,1,sched_secb_no_nrg_sav,172900,
orig_bg_cpuset_pi_3,video,1,sched_secb_nrg_sav,104,
orig_bg_cpuset_pi_3,video,1,sched_secb_sync,0,
orig_bg_cpuset_pi_3,video,1,sched_sis_attempts,183,
orig_bg_cpuset_pi_3,video,1,sched_sis_cache_affine,40,
orig_bg_cpuset_pi_3,video,1,sched_sis_count,63,
orig_bg_cpuset_pi_3,video,1,sched_sis_idle,80,
orig_bg_cpuset_pi_3,video,1,sched_sis_idle_cpu,40,
orig_bg_cpuset_pi_3,video,1,sched_sis_suff_cap,0,
orig_bg_cpuset_pi_3,video,1,sched_tob,8528,
orig_bg_cpuset_pi_3,video,1,sched_tol,164766,
orig_bg_cpuset_pi_3,video,1,Energy,327.265260217,J
orig_bg_cpuset_pi_3,video,1,Power,5457.386,mW (avg)
orig_bg_cpuset_pi_bst15_3,video,1,execution_time,60.0418970585,seconds
orig_bg_cpuset_pi_bst15_3,video,1,sched_cas_attempts,141,
orig_bg_cpuset_pi_bst15_3,video,1,sched_fbt_attempts,172263,
orig_bg_cpuset_pi_bst15_3,video,1,sched_fbt_count,172263,
orig_bg_cpuset_pi_bst15_3,video,1,sched_fbt_no_cpu,0,
orig_bg_cpuset_pi_bst15_3,video,1,sched_fbt_no_sd,0,
orig_bg_cpuset_pi_bst15_3,video,1,sched_fbt_pref_idle,85093,
orig_bg_cpuset_pi_bst15_3,video,1,sched_secb_attempts,172263,
orig_bg_cpuset_pi_bst15_3,video,1,sched_secb_count,0,
orig_bg_cpuset_pi_bst15_3,video,1,sched_secb_idle_bt,0,
orig_bg_cpuset_pi_bst15_3,video,1,sched_secb_insuff_cap,0,
orig_bg_cpuset_pi_bst15_3,video,1,sched_secb_no_nrg_sav,172100,
orig_bg_cpuset_pi_bst15_3,video,1,sched_secb_nrg_sav,163,
orig_bg_cpuset_pi_bst15_3,video,1,sched_secb_sync,0,
orig_bg_cpuset_pi_bst15_3,video,1,sched_sis_attempts,486,
orig_bg_cpuset_pi_bst15_3,video,1,sched_sis_cache_affine,47,
orig_bg_cpuset_pi_bst15_3,video,1,sched_sis_count,145,
orig_bg_cpuset_pi_bst15_3,video,1,sched_sis_idle,294,
orig_bg_cpuset_pi_bst15_3,video,1,sched_sis_idle_cpu,113,
orig_bg_cpuset_pi_bst15_3,video,1,sched_sis_suff_cap,0,
orig_bg_cpuset_pi_bst15_3,video,1,sched_tob,74395,
orig_bg_cpuset_pi_bst15_3,video,1,sched_tol,98511,
orig_bg_cpuset_pi_bst15_3,video,1,Energy,328.77151203,J
orig_bg_cpuset_pi_bst15_3,video,1,Power,5483.72,mW (avg)
orig_bg_cpuset_pi_4,galleryfling,1,90th Percentile,12,
orig_bg_cpuset_pi_4,galleryfling,1,95th Percentile,15,
orig_bg_cpuset_pi_4,galleryfling,1,99th Percentile,200,
orig_bg_cpuset_pi_4,galleryfling,1,Jank,12,
orig_bg_cpuset_pi_4,galleryfling,1,Jank%,4,
orig_bg_cpuset_pi_4,galleryfling,1,90th Percentile,12,
orig_bg_cpuset_pi_4,galleryfling,1,95th Percentile,15,
orig_bg_cpuset_pi_4,galleryfling,1,99th Percentile,200,
orig_bg_cpuset_pi_4,galleryfling,1,Jank,12,
orig_bg_cpuset_pi_4,galleryfling,1,Jank%,4,
orig_bg_cpuset_pi_4,galleryfling,1,90th Percentile,12,
orig_bg_cpuset_pi_4,galleryfling,1,95th Percentile,15,
orig_bg_cpuset_pi_4,galleryfling,1,99th Percentile,200,
orig_bg_cpuset_pi_4,galleryfling,1,Jank,12,
orig_bg_cpuset_pi_4,galleryfling,1,Jank%,4,
orig_bg_cpuset_pi_4,galleryfling,1,Average 90th Percentile,12,
orig_bg_cpuset_pi_4,galleryfling,1,Average 95th Percentile,15,
orig_bg_cpuset_pi_4,galleryfling,1,Average 99th Percentile,200,
orig_bg_cpuset_pi_4,galleryfling,1,Average Jank,12,
orig_bg_cpuset_pi_4,galleryfling,1,Average Jank%,4,
orig_bg_cpuset_pi_4,galleryfling,1,execution_time,56.0364148617,seconds
orig_bg_cpuset_pi_4,galleryfling,1,sched_cas_attempts,1280,
orig_bg_cpuset_pi_4,galleryfling,1,sched_fbt_attempts,103195,
orig_bg_cpuset_pi_4,galleryfling,1,sched_fbt_count,103195,
orig_bg_cpuset_pi_4,galleryfling,1,sched_fbt_no_cpu,0,
orig_bg_cpuset_pi_4,galleryfling,1,sched_fbt_no_sd,0,
orig_bg_cpuset_pi_4,galleryfling,1,sched_fbt_pref_idle,60967,
orig_bg_cpuset_pi_4,galleryfling,1,sched_secb_attempts,103195,
orig_bg_cpuset_pi_4,galleryfling,1,sched_secb_count,0,
orig_bg_cpuset_pi_4,galleryfling,1,sched_secb_idle_bt,0,
orig_bg_cpuset_pi_4,galleryfling,1,sched_secb_insuff_cap,0,
orig_bg_cpuset_pi_4,galleryfling,1,sched_secb_no_nrg_sav,102340,
orig_bg_cpuset_pi_4,galleryfling,1,sched_secb_nrg_sav,855,
orig_bg_cpuset_pi_4,galleryfling,1,sched_secb_sync,0,
orig_bg_cpuset_pi_4,galleryfling,1,sched_sis_attempts,6154,
orig_bg_cpuset_pi_4,galleryfling,1,sched_sis_cache_affine,835,
orig_bg_cpuset_pi_4,galleryfling,1,sched_sis_count,1051,
orig_bg_cpuset_pi_4,galleryfling,1,sched_sis_idle,4268,
orig_bg_cpuset_pi_4,galleryfling,1,sched_sis_idle_cpu,683,
orig_bg_cpuset_pi_4,galleryfling,1,sched_sis_suff_cap,0,
orig_bg_cpuset_pi_4,galleryfling,1,sched_tob,8290,
orig_bg_cpuset_pi_4,galleryfling,1,sched_tol,102621,
orig_bg_cpuset_pi_4,galleryfling,1,Energy,379.86083272,J
orig_bg_cpuset_pi_4,galleryfling,1,Power,6788.235,mW (avg)
orig_bg_cpuset_pi_bst15_4,galleryfling,1,90th Percentile,12,
orig_bg_cpuset_pi_bst15_4,galleryfling,1,95th Percentile,17,
orig_bg_cpuset_pi_bst15_4,galleryfling,1,99th Percentile,200,
orig_bg_cpuset_pi_bst15_4,galleryfling,1,Jank,13,
orig_bg_cpuset_pi_bst15_4,galleryfling,1,Jank%,5,
orig_bg_cpuset_pi_bst15_4,galleryfling,1,90th Percentile,12,
orig_bg_cpuset_pi_bst15_4,galleryfling,1,95th Percentile,17,
orig_bg_cpuset_pi_bst15_4,galleryfling,1,99th Percentile,200,
orig_bg_cpuset_pi_bst15_4,galleryfling,1,Jank,13,
orig_bg_cpuset_pi_bst15_4,galleryfling,1,Jank%,5,
orig_bg_cpuset_pi_bst15_4,galleryfling,1,90th Percentile,12,
orig_bg_cpuset_pi_bst15_4,galleryfling,1,95th Percentile,17,
orig_bg_cpuset_pi_bst15_4,galleryfling,1,99th Percentile,200,
orig_bg_cpuset_pi_bst15_4,galleryfling,1,Jank,13,
orig_bg_cpuset_pi_bst15_4,galleryfling,1,Jank%,5,
orig_bg_cpuset_pi_bst15_4,galleryfling,1,Average 90th Percentile,12,
orig_bg_cpuset_pi_bst15_4,galleryfling,1,Average 95th Percentile,17,
orig_bg_cpuset_pi_bst15_4,galleryfling,1,Average 99th Percentile,200,
orig_bg_cpuset_pi_bst15_4,galleryfling,1,Average Jank,13,
orig_bg_cpuset_pi_bst15_4,galleryfling,1,Average Jank%,5,
orig_bg_cpuset_pi_bst15_4,galleryfling,1,execution_time,55.6811361313,seconds
orig_bg_cpuset_pi_bst15_4,galleryfling,1,sched_cas_attempts,1103,
orig_bg_cpuset_pi_bst15_4,galleryfling,1,sched_fbt_attempts,92895,
orig_bg_cpuset_pi_bst15_4,galleryfling,1,sched_fbt_count,92895,
orig_bg_cpuset_pi_bst15_4,galleryfling,1,sched_fbt_no_cpu,0,
orig_bg_cpuset_pi_bst15_4,galleryfling,1,sched_fbt_no_sd,0,
orig_bg_cpuset_pi_bst15_4,galleryfling,1,sched_fbt_pref_idle,60846,
orig_bg_cpuset_pi_bst15_4,galleryfling,1,sched_secb_attempts,92895,
orig_bg_cpuset_pi_bst15_4,galleryfling,1,sched_secb_count,0,
orig_bg_cpuset_pi_bst15_4,galleryfling,1,sched_secb_idle_bt,0,
orig_bg_cpuset_pi_bst15_4,galleryfling,1,sched_secb_insuff_cap,0,
orig_bg_cpuset_pi_bst15_4,galleryfling,1,sched_secb_no_nrg_sav,92413,
orig_bg_cpuset_pi_bst15_4,galleryfling,1,sched_secb_nrg_sav,482,
orig_bg_cpuset_pi_bst15_4,galleryfling,1,sched_secb_sync,0,
orig_bg_cpuset_pi_bst15_4,galleryfling,1,sched_sis_attempts,5641,
orig_bg_cpuset_pi_bst15_4,galleryfling,1,sched_sis_cache_affine,1407,
orig_bg_cpuset_pi_bst15_4,galleryfling,1,sched_sis_count,917,
orig_bg_cpuset_pi_bst15_4,galleryfling,1,sched_sis_idle,3317,
orig_bg_cpuset_pi_bst15_4,galleryfling,1,sched_sis_idle_cpu,608,
orig_bg_cpuset_pi_bst15_4,galleryfling,1,sched_sis_suff_cap,0,
orig_bg_cpuset_pi_bst15_4,galleryfling,1,sched_tob,48072,
orig_bg_cpuset_pi_bst15_4,galleryfling,1,sched_tol,51847,
orig_bg_cpuset_pi_bst15_4,galleryfling,1,Energy,378.516388749,J
orig_bg_cpuset_pi_bst15_4,galleryfling,1,Power,6808.522,mW (avg)
orig_bg_cpuset_pi_5,recentfling,1,90th Percentile,15,
orig_bg_cpuset_pi_5,recentfling,1,95th Percentile,17,
orig_bg_cpuset_pi_5,recentfling,1,99th Percentile,19,
orig_bg_cpuset_pi_5,recentfling,1,Jank,30,
orig_bg_cpuset_pi_5,recentfling,1,Jank%,6,
orig_bg_cpuset_pi_5,recentfling,1,90th Percentile,16,
orig_bg_cpuset_pi_5,recentfling,1,95th Percentile,18,
orig_bg_cpuset_pi_5,recentfling,1,99th Percentile,20,
orig_bg_cpuset_pi_5,recentfling,1,Jank,49,
orig_bg_cpuset_pi_5,recentfling,1,Jank%,10,
orig_bg_cpuset_pi_5,recentfling,1,90th Percentile,18,
orig_bg_cpuset_pi_5,recentfling,1,95th Percentile,19,
orig_bg_cpuset_pi_5,recentfling,1,99th Percentile,21,
orig_bg_cpuset_pi_5,recentfling,1,Jank,81,
orig_bg_cpuset_pi_5,recentfling,1,Jank%,17,
orig_bg_cpuset_pi_5,recentfling,1,Average 90th Percentile,16,
orig_bg_cpuset_pi_5,recentfling,1,Average 95th Percentile,18,
orig_bg_cpuset_pi_5,recentfling,1,Average 99th Percentile,20,
orig_bg_cpuset_pi_5,recentfling,1,Average Jank,53,
orig_bg_cpuset_pi_5,recentfling,1,Average Jank%,11,
orig_bg_cpuset_pi_5,recentfling,1,execution_time,45.0342619419,seconds
orig_bg_cpuset_pi_5,recentfling,1,sched_cas_attempts,17860,
orig_bg_cpuset_pi_5,recentfling,1,sched_fbt_attempts,80626,
orig_bg_cpuset_pi_5,recentfling,1,sched_fbt_count,80626,
orig_bg_cpuset_pi_5,recentfling,1,sched_fbt_no_cpu,0,
orig_bg_cpuset_pi_5,recentfling,1,sched_fbt_no_sd,0,
orig_bg_cpuset_pi_5,recentfling,1,sched_fbt_pref_idle,50619,
orig_bg_cpuset_pi_5,recentfling,1,sched_secb_attempts,80626,
orig_bg_cpuset_pi_5,recentfling,1,sched_secb_count,0,
orig_bg_cpuset_pi_5,recentfling,1,sched_secb_idle_bt,0,
orig_bg_cpuset_pi_5,recentfling,1,sched_secb_insuff_cap,0,
orig_bg_cpuset_pi_5,recentfling,1,sched_secb_no_nrg_sav,78452,
orig_bg_cpuset_pi_5,recentfling,1,sched_secb_nrg_sav,2174,
orig_bg_cpuset_pi_5,recentfling,1,sched_secb_sync,0,
orig_bg_cpuset_pi_5,recentfling,1,sched_sis_attempts,26664,
orig_bg_cpuset_pi_5,recentfling,1,sched_sis_cache_affine,1344,
orig_bg_cpuset_pi_5,recentfling,1,sched_sis_count,5537,
orig_bg_cpuset_pi_5,recentfling,1,sched_sis_idle,19783,
orig_bg_cpuset_pi_5,recentfling,1,sched_sis_idle_cpu,3756,
orig_bg_cpuset_pi_5,recentfling,1,sched_sis_suff_cap,0,
orig_bg_cpuset_pi_5,recentfling,1,sched_tob,35080,
orig_bg_cpuset_pi_5,recentfling,1,sched_tol,90771,
orig_bg_cpuset_pi_5,recentfling,1,Energy,375.737499124,J
orig_bg_cpuset_pi_5,recentfling,1,Power,8358.675,mW (avg)
orig_bg_cpuset_pi_bst15_5,recentfling,1,90th Percentile,9,
orig_bg_cpuset_pi_bst15_5,recentfling,1,95th Percentile,10,
orig_bg_cpuset_pi_bst15_5,recentfling,1,99th Percentile,11,
orig_bg_cpuset_pi_bst15_5,recentfling,1,Jank,0,
orig_bg_cpuset_pi_bst15_5,recentfling,1,Jank%,0,
orig_bg_cpuset_pi_bst15_5,recentfling,1,90th Percentile,9,
orig_bg_cpuset_pi_bst15_5,recentfling,1,95th Percentile,10,
orig_bg_cpuset_pi_bst15_5,recentfling,1,99th Percentile,11,
orig_bg_cpuset_pi_bst15_5,recentfling,1,Jank,1,
orig_bg_cpuset_pi_bst15_5,recentfling,1,Jank%,0,
orig_bg_cpuset_pi_bst15_5,recentfling,1,90th Percentile,9,
orig_bg_cpuset_pi_bst15_5,recentfling,1,95th Percentile,10,
orig_bg_cpuset_pi_bst15_5,recentfling,1,99th Percentile,11,
orig_bg_cpuset_pi_bst15_5,recentfling,1,Jank,1,
orig_bg_cpuset_pi_bst15_5,recentfling,1,Jank%,0,
orig_bg_cpuset_pi_bst15_5,recentfling,1,Average 90th Percentile,9,
orig_bg_cpuset_pi_bst15_5,recentfling,1,Average 95th Percentile,10,
orig_bg_cpuset_pi_bst15_5,recentfling,1,Average 99th Percentile,11,
orig_bg_cpuset_pi_bst15_5,recentfling,1,Average Jank,0,
orig_bg_cpuset_pi_bst15_5,recentfling,1,Average Jank%,0,
orig_bg_cpuset_pi_bst15_5,recentfling,1,execution_time,41.0814380646,seconds
orig_bg_cpuset_pi_bst15_5,recentfling,1,sched_cas_attempts,3749,
orig_bg_cpuset_pi_bst15_5,recentfling,1,sched_fbt_attempts,84742,
orig_bg_cpuset_pi_bst15_5,recentfling,1,sched_fbt_count,84742,
orig_bg_cpuset_pi_bst15_5,recentfling,1,sched_fbt_no_cpu,0,
orig_bg_cpuset_pi_bst15_5,recentfling,1,sched_fbt_no_sd,0,
orig_bg_cpuset_pi_bst15_5,recentfling,1,sched_fbt_pref_idle,55958,
orig_bg_cpuset_pi_bst15_5,recentfling,1,sched_secb_attempts,84742,
orig_bg_cpuset_pi_bst15_5,recentfling,1,sched_secb_count,0,
orig_bg_cpuset_pi_bst15_5,recentfling,1,sched_secb_idle_bt,0,
orig_bg_cpuset_pi_bst15_5,recentfling,1,sched_secb_insuff_cap,0,
orig_bg_cpuset_pi_bst15_5,recentfling,1,sched_secb_no_nrg_sav,83942,
orig_bg_cpuset_pi_bst15_5,recentfling,1,sched_secb_nrg_sav,800,
orig_bg_cpuset_pi_bst15_5,recentfling,1,sched_secb_sync,0,
orig_bg_cpuset_pi_bst15_5,recentfling,1,sched_sis_attempts,12960,
orig_bg_cpuset_pi_bst15_5,recentfling,1,sched_sis_cache_affine,1354,
orig_bg_cpuset_pi_bst15_5,recentfling,1,sched_sis_count,2363,
orig_bg_cpuset_pi_bst15_5,recentfling,1,sched_sis_idle,9243,
orig_bg_cpuset_pi_bst15_5,recentfling,1,sched_sis_idle_cpu,1465,
orig_bg_cpuset_pi_bst15_5,recentfling,1,sched_sis_suff_cap,0,
orig_bg_cpuset_pi_bst15_5,recentfling,1,sched_tob,50886,
orig_bg_cpuset_pi_bst15_5,recentfling,1,sched_tol,51011,
orig_bg_cpuset_pi_bst15_5,recentfling,1,Energy,335.482603763,J
orig_bg_cpuset_pi_bst15_5,recentfling,1,Power,8183.001,mW (avg)
orig_bg_cpuset_pi_6,emailfling,1,90th Percentile,5,
orig_bg_cpuset_pi_6,emailfling,1,95th Percentile,10,
orig_bg_cpuset_pi_6,emailfling,1,99th Percentile,10,
orig_bg_cpuset_pi_6,emailfling,1,Jank,0,
orig_bg_cpuset_pi_6,emailfling,1,Jank%,0,
orig_bg_cpuset_pi_6,emailfling,1,90th Percentile,5,
orig_bg_cpuset_pi_6,emailfling,1,95th Percentile,10,
orig_bg_cpuset_pi_6,emailfling,1,99th Percentile,10,
orig_bg_cpuset_pi_6,emailfling,1,Jank,0,
orig_bg_cpuset_pi_6,emailfling,1,Jank%,0,
orig_bg_cpuset_pi_6,emailfling,1,90th Percentile,9,
orig_bg_cpuset_pi_6,emailfling,1,95th Percentile,10,
orig_bg_cpuset_pi_6,emailfling,1,99th Percentile,10,
orig_bg_cpuset_pi_6,emailfling,1,Jank,0,
orig_bg_cpuset_pi_6,emailfling,1,Jank%,0,
orig_bg_cpuset_pi_6,emailfling,1,Average 90th Percentile,6,
orig_bg_cpuset_pi_6,emailfling,1,Average 95th Percentile,10,
orig_bg_cpuset_pi_6,emailfling,1,Average 99th Percentile,10,
orig_bg_cpuset_pi_6,emailfling,1,Average Jank,0,
orig_bg_cpuset_pi_6,emailfling,1,Average Jank%,0,
orig_bg_cpuset_pi_6,emailfling,1,execution_time,37.2722630501,seconds
orig_bg_cpuset_pi_6,emailfling,1,sched_cas_attempts,4517,
orig_bg_cpuset_pi_6,emailfling,1,sched_fbt_attempts,58599,
orig_bg_cpuset_pi_6,emailfling,1,sched_fbt_count,58599,
orig_bg_cpuset_pi_6,emailfling,1,sched_fbt_no_cpu,0,
orig_bg_cpuset_pi_6,emailfling,1,sched_fbt_no_sd,0,
orig_bg_cpuset_pi_6,emailfling,1,sched_fbt_pref_idle,35413,
orig_bg_cpuset_pi_6,emailfling,1,sched_secb_attempts,58599,
orig_bg_cpuset_pi_6,emailfling,1,sched_secb_count,0,
orig_bg_cpuset_pi_6,emailfling,1,sched_secb_idle_bt,0,
orig_bg_cpuset_pi_6,emailfling,1,sched_secb_insuff_cap,0,
orig_bg_cpuset_pi_6,emailfling,1,sched_secb_no_nrg_sav,57158,
orig_bg_cpuset_pi_6,emailfling,1,sched_secb_nrg_sav,1441,
orig_bg_cpuset_pi_6,emailfling,1,sched_secb_sync,0,
orig_bg_cpuset_pi_6,emailfling,1,sched_sis_attempts,11294,
orig_bg_cpuset_pi_6,emailfling,1,sched_sis_cache_affine,2101,
orig_bg_cpuset_pi_6,emailfling,1,sched_sis_count,1906,
orig_bg_cpuset_pi_6,emailfling,1,sched_sis_idle,7287,
orig_bg_cpuset_pi_6,emailfling,1,sched_sis_idle_cpu,1430,
orig_bg_cpuset_pi_6,emailfling,1,sched_sis_suff_cap,0,
orig_bg_cpuset_pi_6,emailfling,1,sched_tob,13357,
orig_bg_cpuset_pi_6,emailfling,1,sched_tol,61388,
orig_bg_cpuset_pi_6,emailfling,1,Energy,231.658163524,J
orig_bg_cpuset_pi_6,emailfling,1,Power,6228.24,mW (avg)
orig_bg_cpuset_pi_bst15_6,emailfling,1,90th Percentile,9,
orig_bg_cpuset_pi_bst15_6,emailfling,1,95th Percentile,10,
orig_bg_cpuset_pi_bst15_6,emailfling,1,99th Percentile,57,
orig_bg_cpuset_pi_bst15_6,emailfling,1,Jank,1,
orig_bg_cpuset_pi_bst15_6,emailfling,1,Jank%,2,
orig_bg_cpuset_pi_bst15_6,emailfling,1,90th Percentile,9,
orig_bg_cpuset_pi_bst15_6,emailfling,1,95th Percentile,10,
orig_bg_cpuset_pi_bst15_6,emailfling,1,99th Percentile,57,
orig_bg_cpuset_pi_bst15_6,emailfling,1,Jank,1,
orig_bg_cpuset_pi_bst15_6,emailfling,1,Jank%,2,
orig_bg_cpuset_pi_bst15_6,emailfling,1,90th Percentile,9,
orig_bg_cpuset_pi_bst15_6,emailfling,1,95th Percentile,10,
orig_bg_cpuset_pi_bst15_6,emailfling,1,99th Percentile,57,
orig_bg_cpuset_pi_bst15_6,emailfling,1,Jank,1,
orig_bg_cpuset_pi_bst15_6,emailfling,1,Jank%,2,
orig_bg_cpuset_pi_bst15_6,emailfling,1,Average 90th Percentile,9,
orig_bg_cpuset_pi_bst15_6,emailfling,1,Average 95th Percentile,10,
orig_bg_cpuset_pi_bst15_6,emailfling,1,Average 99th Percentile,57,
orig_bg_cpuset_pi_bst15_6,emailfling,1,Average Jank,1,
orig_bg_cpuset_pi_bst15_6,emailfling,1,Average Jank%,2,
orig_bg_cpuset_pi_bst15_6,emailfling,1,execution_time,37.5615730286,seconds
orig_bg_cpuset_pi_bst15_6,emailfling,1,sched_cas_attempts,4933,
orig_bg_cpuset_pi_bst15_6,emailfling,1,sched_fbt_attempts,56380,
orig_bg_cpuset_pi_bst15_6,emailfling,1,sched_fbt_count,56380,
orig_bg_cpuset_pi_bst15_6,emailfling,1,sched_fbt_no_cpu,0,
orig_bg_cpuset_pi_bst15_6,emailfling,1,sched_fbt_no_sd,0,
orig_bg_cpuset_pi_bst15_6,emailfling,1,sched_fbt_pref_idle,35563,
orig_bg_cpuset_pi_bst15_6,emailfling,1,sched_secb_attempts,56380,
orig_bg_cpuset_pi_bst15_6,emailfling,1,sched_secb_count,0,
orig_bg_cpuset_pi_bst15_6,emailfling,1,sched_secb_idle_bt,0,
orig_bg_cpuset_pi_bst15_6,emailfling,1,sched_secb_insuff_cap,0,
orig_bg_cpuset_pi_bst15_6,emailfling,1,sched_secb_no_nrg_sav,55733,
orig_bg_cpuset_pi_bst15_6,emailfling,1,sched_secb_nrg_sav,647,
orig_bg_cpuset_pi_bst15_6,emailfling,1,sched_secb_sync,0,
orig_bg_cpuset_pi_bst15_6,emailfling,1,sched_sis_attempts,12510,
orig_bg_cpuset_pi_bst15_6,emailfling,1,sched_sis_cache_affine,1236,
orig_bg_cpuset_pi_bst15_6,emailfling,1,sched_sis_count,2058,
orig_bg_cpuset_pi_bst15_6,emailfling,1,sched_sis_idle,9216,
orig_bg_cpuset_pi_bst15_6,emailfling,1,sched_sis_idle_cpu,1346,
orig_bg_cpuset_pi_bst15_6,emailfling,1,sched_sis_suff_cap,0,
orig_bg_cpuset_pi_bst15_6,emailfling,1,sched_tob,37500,
orig_bg_cpuset_pi_bst15_6,emailfling,1,sched_tol,36647,
orig_bg_cpuset_pi_bst15_6,emailfling,1,Energy,234.635071196,J
orig_bg_cpuset_pi_bst15_6,emailfling,1,Power,6261.259,mW (avg)
orig_bg_cpuset_pi_7,uibench_InflatingListActivity,1,execution_time,12.7052919865,seconds
orig_bg_cpuset_pi_7,uibench_InflatingListActivity,1,FPS,50.0255798737,
orig_bg_cpuset_pi_7,uibench_InflatingListActivity,1,frame_count,662,
orig_bg_cpuset_pi_7,uibench_InflatingListActivity,1,janks,16,
orig_bg_cpuset_pi_7,uibench_InflatingListActivity,1,janks%,2.416918429,%
orig_bg_cpuset_pi_7,uibench_InflatingListActivity,1,not_at_vsync,2,
orig_bg_cpuset_pi_7,uibench_InflatingListActivity,1,frame_time_90percentile,13,ms
orig_bg_cpuset_pi_7,uibench_InflatingListActivity,1,frame_time_95percentile,14,ms
orig_bg_cpuset_pi_7,uibench_InflatingListActivity,1,frame_time_99percentile,18,ms
orig_bg_cpuset_pi_7,uibench_InflatingListActivity,1,sched_cas_attempts,2533,
orig_bg_cpuset_pi_7,uibench_InflatingListActivity,1,sched_fbt_attempts,31509,
orig_bg_cpuset_pi_7,uibench_InflatingListActivity,1,sched_fbt_count,31509,
orig_bg_cpuset_pi_7,uibench_InflatingListActivity,1,sched_fbt_no_cpu,0,
orig_bg_cpuset_pi_7,uibench_InflatingListActivity,1,sched_fbt_no_sd,0,
orig_bg_cpuset_pi_7,uibench_InflatingListActivity,1,sched_fbt_pref_idle,19624,
orig_bg_cpuset_pi_7,uibench_InflatingListActivity,1,sched_secb_attempts,31509,
orig_bg_cpuset_pi_7,uibench_InflatingListActivity,1,sched_secb_count,0,
orig_bg_cpuset_pi_7,uibench_InflatingListActivity,1,sched_secb_idle_bt,0,
orig_bg_cpuset_pi_7,uibench_InflatingListActivity,1,sched_secb_insuff_cap,0,
orig_bg_cpuset_pi_7,uibench_InflatingListActivity,1,sched_secb_no_nrg_sav,30912,
orig_bg_cpuset_pi_7,uibench_InflatingListActivity,1,sched_secb_nrg_sav,597,
orig_bg_cpuset_pi_7,uibench_InflatingListActivity,1,sched_secb_sync,0,
orig_bg_cpuset_pi_7,uibench_InflatingListActivity,1,sched_sis_attempts,4810,
orig_bg_cpuset_pi_7,uibench_InflatingListActivity,1,sched_sis_cache_affine,380,
orig_bg_cpuset_pi_7,uibench_InflatingListActivity,1,sched_sis_count,874,
orig_bg_cpuset_pi_7,uibench_InflatingListActivity,1,sched_sis_idle,3556,
orig_bg_cpuset_pi_7,uibench_InflatingListActivity,1,sched_sis_idle_cpu,667,
orig_bg_cpuset_pi_7,uibench_InflatingListActivity,1,sched_sis_suff_cap,0,
orig_bg_cpuset_pi_7,uibench_InflatingListActivity,1,sched_tob,5317,
orig_bg_cpuset_pi_7,uibench_InflatingListActivity,1,sched_tol,33692,
orig_bg_cpuset_pi_7,uibench_InflatingListActivity,1,Energy,97.8755174689,J
orig_bg_cpuset_pi_7,uibench_InflatingListActivity,1,Power,7754.113,mW (avg)
orig_bg_cpuset_pi_bst15_7,uibench_InflatingListActivity,1,execution_time,12.6547260284,seconds
orig_bg_cpuset_pi_bst15_7,uibench_InflatingListActivity,1,FPS,49.5979272383,
orig_bg_cpuset_pi_bst15_7,uibench_InflatingListActivity,1,frame_count,658,
orig_bg_cpuset_pi_bst15_7,uibench_InflatingListActivity,1,janks,2,
orig_bg_cpuset_pi_bst15_7,uibench_InflatingListActivity,1,janks%,0.303951367781,%
orig_bg_cpuset_pi_bst15_7,uibench_InflatingListActivity,1,not_at_vsync,2,
orig_bg_cpuset_pi_bst15_7,uibench_InflatingListActivity,1,frame_time_90percentile,9,ms
orig_bg_cpuset_pi_bst15_7,uibench_InflatingListActivity,1,frame_time_95percentile,10,ms
orig_bg_cpuset_pi_bst15_7,uibench_InflatingListActivity,1,frame_time_99percentile,12,ms
orig_bg_cpuset_pi_bst15_7,uibench_InflatingListActivity,1,sched_cas_attempts,2658,
orig_bg_cpuset_pi_bst15_7,uibench_InflatingListActivity,1,sched_fbt_attempts,29679,
orig_bg_cpuset_pi_bst15_7,uibench_InflatingListActivity,1,sched_fbt_count,29679,
orig_bg_cpuset_pi_bst15_7,uibench_InflatingListActivity,1,sched_fbt_no_cpu,0,
orig_bg_cpuset_pi_bst15_7,uibench_InflatingListActivity,1,sched_fbt_no_sd,0,
orig_bg_cpuset_pi_bst15_7,uibench_InflatingListActivity,1,sched_fbt_pref_idle,19580,
orig_bg_cpuset_pi_bst15_7,uibench_InflatingListActivity,1,sched_secb_attempts,29679,
orig_bg_cpuset_pi_bst15_7,uibench_InflatingListActivity,1,sched_secb_count,0,
orig_bg_cpuset_pi_bst15_7,uibench_InflatingListActivity,1,sched_secb_idle_bt,0,
orig_bg_cpuset_pi_bst15_7,uibench_InflatingListActivity,1,sched_secb_insuff_cap,0,
orig_bg_cpuset_pi_bst15_7,uibench_InflatingListActivity,1,sched_secb_no_nrg_sav,29483,
orig_bg_cpuset_pi_bst15_7,uibench_InflatingListActivity,1,sched_secb_nrg_sav,196,
orig_bg_cpuset_pi_bst15_7,uibench_InflatingListActivity,1,sched_secb_sync,0,
orig_bg_cpuset_pi_bst15_7,uibench_InflatingListActivity,1,sched_sis_attempts,5015,
orig_bg_cpuset_pi_bst15_7,uibench_InflatingListActivity,1,sched_sis_cache_affine,408,
orig_bg_cpuset_pi_bst15_7,uibench_InflatingListActivity,1,sched_sis_count,817,
orig_bg_cpuset_pi_bst15_7,uibench_InflatingListActivity,1,sched_sis_idle,3790,
orig_bg_cpuset_pi_bst15_7,uibench_InflatingListActivity,1,sched_sis_idle_cpu,637,
orig_bg_cpuset_pi_bst15_7,uibench_InflatingListActivity,1,sched_sis_suff_cap,0,
orig_bg_cpuset_pi_bst15_7,uibench_InflatingListActivity,1,sched_tob,18424,
orig_bg_cpuset_pi_bst15_7,uibench_InflatingListActivity,1,sched_tol,19088,
orig_bg_cpuset_pi_bst15_7,uibench_InflatingListActivity,1,Energy,99.0888484107,J
orig_bg_cpuset_pi_bst15_7,uibench_InflatingListActivity,1,Power,7877.385,mW (avg)
orig_bg_cpuset_pi_8,uibench_InvalidateActivity,1,execution_time,11.1275990009,seconds
orig_bg_cpuset_pi_8,uibench_InvalidateActivity,1,FPS,49.9115418726,
orig_bg_cpuset_pi_8,uibench_InvalidateActivity,1,frame_count,561,
orig_bg_cpuset_pi_8,uibench_InvalidateActivity,1,janks,314,
orig_bg_cpuset_pi_8,uibench_InvalidateActivity,1,janks%,55.9714795009,%
orig_bg_cpuset_pi_8,uibench_InvalidateActivity,1,not_at_vsync,3,
orig_bg_cpuset_pi_8,uibench_InvalidateActivity,1,frame_time_90percentile,21,ms
orig_bg_cpuset_pi_8,uibench_InvalidateActivity,1,frame_time_95percentile,22,ms
orig_bg_cpuset_pi_8,uibench_InvalidateActivity,1,frame_time_99percentile,24,ms
orig_bg_cpuset_pi_8,uibench_InvalidateActivity,1,sched_cas_attempts,548,
orig_bg_cpuset_pi_8,uibench_InvalidateActivity,1,sched_fbt_attempts,34253,
orig_bg_cpuset_pi_8,uibench_InvalidateActivity,1,sched_fbt_count,34253,
orig_bg_cpuset_pi_8,uibench_InvalidateActivity,1,sched_fbt_no_cpu,0,
orig_bg_cpuset_pi_8,uibench_InvalidateActivity,1,sched_fbt_no_sd,0,
orig_bg_cpuset_pi_8,uibench_InvalidateActivity,1,sched_fbt_pref_idle,21127,
orig_bg_cpuset_pi_8,uibench_InvalidateActivity,1,sched_secb_attempts,34253,
orig_bg_cpuset_pi_8,uibench_InvalidateActivity,1,sched_secb_count,0,
orig_bg_cpuset_pi_8,uibench_InvalidateActivity,1,sched_secb_idle_bt,0,
orig_bg_cpuset_pi_8,uibench_InvalidateActivity,1,sched_secb_insuff_cap,0,
orig_bg_cpuset_pi_8,uibench_InvalidateActivity,1,sched_secb_no_nrg_sav,33662,
orig_bg_cpuset_pi_8,uibench_InvalidateActivity,1,sched_secb_nrg_sav,591,
orig_bg_cpuset_pi_8,uibench_InvalidateActivity,1,sched_secb_sync,0,
orig_bg_cpuset_pi_8,uibench_InvalidateActivity,1,sched_sis_attempts,1407,
orig_bg_cpuset_pi_8,uibench_InvalidateActivity,1,sched_sis_cache_affine,126,
orig_bg_cpuset_pi_8,uibench_InvalidateActivity,1,sched_sis_count,450,
orig_bg_cpuset_pi_8,uibench_InvalidateActivity,1,sched_sis_idle,831,
orig_bg_cpuset_pi_8,uibench_InvalidateActivity,1,sched_sis_idle_cpu,294,
orig_bg_cpuset_pi_8,uibench_InvalidateActivity,1,sched_sis_suff_cap,0,
orig_bg_cpuset_pi_8,uibench_InvalidateActivity,1,sched_tob,2219,
orig_bg_cpuset_pi_8,uibench_InvalidateActivity,1,sched_tol,34042,
orig_bg_cpuset_pi_8,uibench_InvalidateActivity,1,Energy,86.3576146789,J
orig_bg_cpuset_pi_8,uibench_InvalidateActivity,1,Power,7823.452,mW (avg)
orig_bg_cpuset_pi_bst15_8,uibench_InvalidateActivity,1,execution_time,10.9877941608,seconds
orig_bg_cpuset_pi_bst15_8,uibench_InvalidateActivity,1,FPS,50.686526161,
orig_bg_cpuset_pi_bst15_8,uibench_InvalidateActivity,1,frame_count,565,
orig_bg_cpuset_pi_bst15_8,uibench_InvalidateActivity,1,janks,28,
orig_bg_cpuset_pi_bst15_8,uibench_InvalidateActivity,1,janks%,4.95575221239,%
orig_bg_cpuset_pi_bst15_8,uibench_InvalidateActivity,1,not_at_vsync,2,
orig_bg_cpuset_pi_bst15_8,uibench_InvalidateActivity,1,frame_time_90percentile,15,ms
orig_bg_cpuset_pi_bst15_8,uibench_InvalidateActivity,1,frame_time_95percentile,16,ms
orig_bg_cpuset_pi_bst15_8,uibench_InvalidateActivity,1,frame_time_99percentile,19,ms
orig_bg_cpuset_pi_bst15_8,uibench_InvalidateActivity,1,sched_cas_attempts,704,
orig_bg_cpuset_pi_bst15_8,uibench_InvalidateActivity,1,sched_fbt_attempts,31714,
orig_bg_cpuset_pi_bst15_8,uibench_InvalidateActivity,1,sched_fbt_count,31714,
orig_bg_cpuset_pi_bst15_8,uibench_InvalidateActivity,1,sched_fbt_no_cpu,0,
orig_bg_cpuset_pi_bst15_8,uibench_InvalidateActivity,1,sched_fbt_no_sd,0,
orig_bg_cpuset_pi_bst15_8,uibench_InvalidateActivity,1,sched_fbt_pref_idle,20650,
orig_bg_cpuset_pi_bst15_8,uibench_InvalidateActivity,1,sched_secb_attempts,31714,
orig_bg_cpuset_pi_bst15_8,uibench_InvalidateActivity,1,sched_secb_count,0,
orig_bg_cpuset_pi_bst15_8,uibench_InvalidateActivity,1,sched_secb_idle_bt,0,
orig_bg_cpuset_pi_bst15_8,uibench_InvalidateActivity,1,sched_secb_insuff_cap,0,
orig_bg_cpuset_pi_bst15_8,uibench_InvalidateActivity,1,sched_secb_no_nrg_sav,31536,
orig_bg_cpuset_pi_bst15_8,uibench_InvalidateActivity,1,sched_secb_nrg_sav,178,
orig_bg_cpuset_pi_bst15_8,uibench_InvalidateActivity,1,sched_secb_sync,0,
orig_bg_cpuset_pi_bst15_8,uibench_InvalidateActivity,1,sched_sis_attempts,1837,
orig_bg_cpuset_pi_bst15_8,uibench_InvalidateActivity,1,sched_sis_cache_affine,239,
orig_bg_cpuset_pi_bst15_8,uibench_InvalidateActivity,1,sched_sis_count,456,
orig_bg_cpuset_pi_bst15_8,uibench_InvalidateActivity,1,sched_sis_idle,1142,
orig_bg_cpuset_pi_bst15_8,uibench_InvalidateActivity,1,sched_sis_idle_cpu,298,
orig_bg_cpuset_pi_bst15_8,uibench_InvalidateActivity,1,sched_sis_suff_cap,0,
orig_bg_cpuset_pi_bst15_8,uibench_InvalidateActivity,1,sched_tob,15886,
orig_bg_cpuset_pi_bst15_8,uibench_InvalidateActivity,1,sched_tol,18453,
orig_bg_cpuset_pi_bst15_8,uibench_InvalidateActivity,1,Energy,83.8223953952,J
orig_bg_cpuset_pi_bst15_8,uibench_InvalidateActivity,1,Power,7693.021,mW (avg)
orig_bg_cpuset_pi_9,uibench_ActivityTransition,1,execution_time,11.3979411125,seconds
orig_bg_cpuset_pi_9,uibench_ActivityTransition,1,FPS,13.8756799487,
orig_bg_cpuset_pi_9,uibench_ActivityTransition,1,frame_count,150,
orig_bg_cpuset_pi_9,uibench_ActivityTransition,1,janks,67,
orig_bg_cpuset_pi_9,uibench_ActivityTransition,1,janks%,44.6666666667,%
orig_bg_cpuset_pi_9,uibench_ActivityTransition,1,not_at_vsync,16,
orig_bg_cpuset_pi_9,uibench_ActivityTransition,1,frame_time_90percentile,53,ms
orig_bg_cpuset_pi_9,uibench_ActivityTransition,1,frame_time_95percentile,73,ms
orig_bg_cpuset_pi_9,uibench_ActivityTransition,1,frame_time_99percentile,113,ms
orig_bg_cpuset_pi_9,uibench_ActivityTransition,1,sched_cas_attempts,1324,
orig_bg_cpuset_pi_9,uibench_ActivityTransition,1,sched_fbt_attempts,15127,
orig_bg_cpuset_pi_9,uibench_ActivityTransition,1,sched_fbt_count,15127,
orig_bg_cpuset_pi_9,uibench_ActivityTransition,1,sched_fbt_no_cpu,0,
orig_bg_cpuset_pi_9,uibench_ActivityTransition,1,sched_fbt_no_sd,0,
orig_bg_cpuset_pi_9,uibench_ActivityTransition,1,sched_fbt_pref_idle,9287,
orig_bg_cpuset_pi_9,uibench_ActivityTransition,1,sched_secb_attempts,15127,
orig_bg_cpuset_pi_9,uibench_ActivityTransition,1,sched_secb_count,0,
orig_bg_cpuset_pi_9,uibench_ActivityTransition,1,sched_secb_idle_bt,0,
orig_bg_cpuset_pi_9,uibench_ActivityTransition,1,sched_secb_insuff_cap,0,
orig_bg_cpuset_pi_9,uibench_ActivityTransition,1,sched_secb_no_nrg_sav,14854,
orig_bg_cpuset_pi_9,uibench_ActivityTransition,1,sched_secb_nrg_sav,273,
orig_bg_cpuset_pi_9,uibench_ActivityTransition,1,sched_secb_sync,0,
orig_bg_cpuset_pi_9,uibench_ActivityTransition,1,sched_sis_attempts,4124,
orig_bg_cpuset_pi_9,uibench_ActivityTransition,1,sched_sis_cache_affine,347,
orig_bg_cpuset_pi_9,uibench_ActivityTransition,1,sched_sis_count,938,
orig_bg_cpuset_pi_9,uibench_ActivityTransition,1,sched_sis_idle,2839,
orig_bg_cpuset_pi_9,uibench_ActivityTransition,1,sched_sis_idle_cpu,711,
orig_bg_cpuset_pi_9,uibench_ActivityTransition,1,sched_sis_suff_cap,0,
orig_bg_cpuset_pi_9,uibench_ActivityTransition,1,sched_tob,3991,
orig_bg_cpuset_pi_9,uibench_ActivityTransition,1,sched_tol,16751,
orig_bg_cpuset_pi_9,uibench_ActivityTransition,1,Energy,73.7590766025,J
orig_bg_cpuset_pi_9,uibench_ActivityTransition,1,Power,6529.085,mW (avg)
orig_bg_cpuset_pi_bst15_9,uibench_ActivityTransition,1,execution_time,11.3630139828,seconds
orig_bg_cpuset_pi_bst15_9,uibench_ActivityTransition,1,FPS,15.7234826772,
orig_bg_cpuset_pi_bst15_9,uibench_ActivityTransition,1,frame_count,170,
orig_bg_cpuset_pi_bst15_9,uibench_ActivityTransition,1,janks,8,
orig_bg_cpuset_pi_bst15_9,uibench_ActivityTransition,1,janks%,4.70588235294,%
orig_bg_cpuset_pi_bst15_9,uibench_ActivityTransition,1,not_at_vsync,1,
orig_bg_cpuset_pi_bst15_9,uibench_ActivityTransition,1,frame_time_90percentile,13,ms
orig_bg_cpuset_pi_bst15_9,uibench_ActivityTransition,1,frame_time_95percentile,15,ms
orig_bg_cpuset_pi_bst15_9,uibench_ActivityTransition,1,frame_time_99percentile,57,ms
orig_bg_cpuset_pi_bst15_9,uibench_ActivityTransition,1,sched_cas_attempts,1296,
orig_bg_cpuset_pi_bst15_9,uibench_ActivityTransition,1,sched_fbt_attempts,15382,
orig_bg_cpuset_pi_bst15_9,uibench_ActivityTransition,1,sched_fbt_count,15382,
orig_bg_cpuset_pi_bst15_9,uibench_ActivityTransition,1,sched_fbt_no_cpu,0,
orig_bg_cpuset_pi_bst15_9,uibench_ActivityTransition,1,sched_fbt_no_sd,0,
orig_bg_cpuset_pi_bst15_9,uibench_ActivityTransition,1,sched_fbt_pref_idle,9997,
orig_bg_cpuset_pi_bst15_9,uibench_ActivityTransition,1,sched_secb_attempts,15382,
orig_bg_cpuset_pi_bst15_9,uibench_ActivityTransition,1,sched_secb_count,0,
orig_bg_cpuset_pi_bst15_9,uibench_ActivityTransition,1,sched_secb_idle_bt,0,
orig_bg_cpuset_pi_bst15_9,uibench_ActivityTransition,1,sched_secb_insuff_cap,0,
orig_bg_cpuset_pi_bst15_9,uibench_ActivityTransition,1,sched_secb_no_nrg_sav,15180,
orig_bg_cpuset_pi_bst15_9,uibench_ActivityTransition,1,sched_secb_nrg_sav,202,
orig_bg_cpuset_pi_bst15_9,uibench_ActivityTransition,1,sched_secb_sync,0,
orig_bg_cpuset_pi_bst15_9,uibench_ActivityTransition,1,sched_sis_attempts,4008,
orig_bg_cpuset_pi_bst15_9,uibench_ActivityTransition,1,sched_sis_cache_affine,398,
orig_bg_cpuset_pi_bst15_9,uibench_ActivityTransition,1,sched_sis_count,994,
orig_bg_cpuset_pi_bst15_9,uibench_ActivityTransition,1,sched_sis_idle,2616,
orig_bg_cpuset_pi_bst15_9,uibench_ActivityTransition,1,sched_sis_idle_cpu,728,
orig_bg_cpuset_pi_bst15_9,uibench_ActivityTransition,1,sched_sis_suff_cap,0,
orig_bg_cpuset_pi_bst15_9,uibench_ActivityTransition,1,sched_tob,10913,
orig_bg_cpuset_pi_bst15_9,uibench_ActivityTransition,1,sched_tol,9930,
orig_bg_cpuset_pi_bst15_9,uibench_ActivityTransition,1,Energy,75.8146540386,J
orig_bg_cpuset_pi_bst15_9,uibench_ActivityTransition,1,Power,6730.644,mW (avg)
orig_bg_cpuset_pi_10,uibench_TrivialAnimationActivity,1,execution_time,11.0187721252,seconds
orig_bg_cpuset_pi_10,uibench_TrivialAnimationActivity,1,FPS,47.4242575074,
orig_bg_cpuset_pi_10,uibench_TrivialAnimationActivity,1,frame_count,546,
orig_bg_cpuset_pi_10,uibench_TrivialAnimationActivity,1,janks,506,
orig_bg_cpuset_pi_10,uibench_TrivialAnimationActivity,1,janks%,92.673992674,%
orig_bg_cpuset_pi_10,uibench_TrivialAnimationActivity,1,not_at_vsync,25,
orig_bg_cpuset_pi_10,uibench_TrivialAnimationActivity,1,frame_time_90percentile,26,ms
orig_bg_cpuset_pi_10,uibench_TrivialAnimationActivity,1,frame_time_95percentile,36,ms
orig_bg_cpuset_pi_10,uibench_TrivialAnimationActivity,1,frame_time_99percentile,65,ms
orig_bg_cpuset_pi_10,uibench_TrivialAnimationActivity,1,sched_cas_attempts,708,
orig_bg_cpuset_pi_10,uibench_TrivialAnimationActivity,1,sched_fbt_attempts,28176,
orig_bg_cpuset_pi_10,uibench_TrivialAnimationActivity,1,sched_fbt_count,28176,
orig_bg_cpuset_pi_10,uibench_TrivialAnimationActivity,1,sched_fbt_no_cpu,0,
orig_bg_cpuset_pi_10,uibench_TrivialAnimationActivity,1,sched_fbt_no_sd,0,
orig_bg_cpuset_pi_10,uibench_TrivialAnimationActivity,1,sched_fbt_pref_idle,18535,
orig_bg_cpuset_pi_10,uibench_TrivialAnimationActivity,1,sched_secb_attempts,28176,
orig_bg_cpuset_pi_10,uibench_TrivialAnimationActivity,1,sched_secb_count,0,
orig_bg_cpuset_pi_10,uibench_TrivialAnimationActivity,1,sched_secb_idle_bt,0,
orig_bg_cpuset_pi_10,uibench_TrivialAnimationActivity,1,sched_secb_insuff_cap,0,
orig_bg_cpuset_pi_10,uibench_TrivialAnimationActivity,1,sched_secb_no_nrg_sav,27827,
orig_bg_cpuset_pi_10,uibench_TrivialAnimationActivity,1,sched_secb_nrg_sav,349,
orig_bg_cpuset_pi_10,uibench_TrivialAnimationActivity,1,sched_secb_sync,0,
orig_bg_cpuset_pi_10,uibench_TrivialAnimationActivity,1,sched_sis_attempts,1579,
orig_bg_cpuset_pi_10,uibench_TrivialAnimationActivity,1,sched_sis_cache_affine,172,
orig_bg_cpuset_pi_10,uibench_TrivialAnimationActivity,1,sched_sis_count,425,
orig_bg_cpuset_pi_10,uibench_TrivialAnimationActivity,1,sched_sis_idle,982,
orig_bg_cpuset_pi_10,uibench_TrivialAnimationActivity,1,sched_sis_idle_cpu,305,
orig_bg_cpuset_pi_10,uibench_TrivialAnimationActivity,1,sched_sis_suff_cap,0,
orig_bg_cpuset_pi_10,uibench_TrivialAnimationActivity,1,sched_tob,2154,
orig_bg_cpuset_pi_10,uibench_TrivialAnimationActivity,1,sched_tol,28366,
orig_bg_cpuset_pi_10,uibench_TrivialAnimationActivity,1,Energy,80.5334162521,J
orig_bg_cpuset_pi_10,uibench_TrivialAnimationActivity,1,Power,7361.439,mW (avg)
orig_bg_cpuset_pi_bst15_10,uibench_TrivialAnimationActivity,1,execution_time,10.9464509487,seconds
orig_bg_cpuset_pi_bst15_10,uibench_TrivialAnimationActivity,1,FPS,50.5356230193,
orig_bg_cpuset_pi_bst15_10,uibench_TrivialAnimationActivity,1,frame_count,566,
orig_bg_cpuset_pi_bst15_10,uibench_TrivialAnimationActivity,1,janks,2,
orig_bg_cpuset_pi_bst15_10,uibench_TrivialAnimationActivity,1,janks%,0.353356890459,%
orig_bg_cpuset_pi_bst15_10,uibench_TrivialAnimationActivity,1,not_at_vsync,1,
orig_bg_cpuset_pi_bst15_10,uibench_TrivialAnimationActivity,1,frame_time_90percentile,8,ms
orig_bg_cpuset_pi_bst15_10,uibench_TrivialAnimationActivity,1,frame_time_95percentile,9,ms
orig_bg_cpuset_pi_bst15_10,uibench_TrivialAnimationActivity,1,frame_time_99percentile,9,ms
orig_bg_cpuset_pi_bst15_10,uibench_TrivialAnimationActivity,1,sched_cas_attempts,703,
orig_bg_cpuset_pi_bst15_10,uibench_TrivialAnimationActivity,1,sched_fbt_attempts,29842,
orig_bg_cpuset_pi_bst15_10,uibench_TrivialAnimationActivity,1,sched_fbt_count,29842,
orig_bg_cpuset_pi_bst15_10,uibench_TrivialAnimationActivity,1,sched_fbt_no_cpu,0,
orig_bg_cpuset_pi_bst15_10,uibench_TrivialAnimationActivity,1,sched_fbt_no_sd,0,
orig_bg_cpuset_pi_bst15_10,uibench_TrivialAnimationActivity,1,sched_fbt_pref_idle,19954,
orig_bg_cpuset_pi_bst15_10,uibench_TrivialAnimationActivity,1,sched_secb_attempts,29842,
orig_bg_cpuset_pi_bst15_10,uibench_TrivialAnimationActivity,1,sched_secb_count,0,
orig_bg_cpuset_pi_bst15_10,uibench_TrivialAnimationActivity,1,sched_secb_idle_bt,0,
orig_bg_cpuset_pi_bst15_10,uibench_TrivialAnimationActivity,1,sched_secb_insuff_cap,0,
orig_bg_cpuset_pi_bst15_10,uibench_TrivialAnimationActivity,1,sched_secb_no_nrg_sav,29761,
orig_bg_cpuset_pi_bst15_10,uibench_TrivialAnimationActivity,1,sched_secb_nrg_sav,81,
orig_bg_cpuset_pi_bst15_10,uibench_TrivialAnimationActivity,1,sched_secb_sync,0,
orig_bg_cpuset_pi_bst15_10,uibench_TrivialAnimationActivity,1,sched_sis_attempts,2031,
orig_bg_cpuset_pi_bst15_10,uibench_TrivialAnimationActivity,1,sched_sis_cache_affine,268,
orig_bg_cpuset_pi_bst15_10,uibench_TrivialAnimationActivity,1,sched_sis_count,434,
orig_bg_cpuset_pi_bst15_10,uibench_TrivialAnimationActivity,1,sched_sis_idle,1329,
orig_bg_cpuset_pi_bst15_10,uibench_TrivialAnimationActivity,1,sched_sis_idle_cpu,336,
orig_bg_cpuset_pi_bst15_10,uibench_TrivialAnimationActivity,1,sched_sis_suff_cap,0,
orig_bg_cpuset_pi_bst15_10,uibench_TrivialAnimationActivity,1,sched_tob,15068,
orig_bg_cpuset_pi_bst15_10,uibench_TrivialAnimationActivity,1,sched_tol,17587,
orig_bg_cpuset_pi_bst15_10,uibench_TrivialAnimationActivity,1,Energy,84.212149733,J
orig_bg_cpuset_pi_bst15_10,uibench_TrivialAnimationActivity,1,Power,7751.343,mW (avg)
orig_bg_cpuset_pi_1,idle,2,execution_time,120.036721945,seconds
orig_bg_cpuset_pi_1,idle,2,sched_cas_attempts,37,
orig_bg_cpuset_pi_1,idle,2,sched_fbt_attempts,977,
orig_bg_cpuset_pi_1,idle,2,sched_fbt_count,977,
orig_bg_cpuset_pi_1,idle,2,sched_fbt_no_cpu,0,
orig_bg_cpuset_pi_1,idle,2,sched_fbt_no_sd,0,
orig_bg_cpuset_pi_1,idle,2,sched_fbt_pref_idle,310,
orig_bg_cpuset_pi_1,idle,2,sched_secb_attempts,977,
orig_bg_cpuset_pi_1,idle,2,sched_secb_count,0,
orig_bg_cpuset_pi_1,idle,2,sched_secb_idle_bt,0,
orig_bg_cpuset_pi_1,idle,2,sched_secb_insuff_cap,0,
orig_bg_cpuset_pi_1,idle,2,sched_secb_no_nrg_sav,970,
orig_bg_cpuset_pi_1,idle,2,sched_secb_nrg_sav,7,
orig_bg_cpuset_pi_1,idle,2,sched_secb_sync,0,
orig_bg_cpuset_pi_1,idle,2,sched_sis_attempts,132,
orig_bg_cpuset_pi_1,idle,2,sched_sis_cache_affine,14,
orig_bg_cpuset_pi_1,idle,2,sched_sis_count,23,
orig_bg_cpuset_pi_1,idle,2,sched_sis_idle,95,
orig_bg_cpuset_pi_1,idle,2,sched_sis_idle_cpu,23,
orig_bg_cpuset_pi_1,idle,2,sched_sis_suff_cap,0,
orig_bg_cpuset_pi_1,idle,2,sched_tob,264,
orig_bg_cpuset_pi_1,idle,2,sched_tol,904,
orig_bg_cpuset_pi_1,idle,2,Energy,494.552944941,J
orig_bg_cpuset_pi_1,idle,2,Power,4122.817,mW (avg)
orig_bg_cpuset_pi_bst15_1,idle,2,execution_time,120.03691411,seconds
orig_bg_cpuset_pi_bst15_1,idle,2,sched_cas_attempts,84,
orig_bg_cpuset_pi_bst15_1,idle,2,sched_fbt_attempts,866,
orig_bg_cpuset_pi_bst15_1,idle,2,sched_fbt_count,866,
orig_bg_cpuset_pi_bst15_1,idle,2,sched_fbt_no_cpu,0,
orig_bg_cpuset_pi_bst15_1,idle,2,sched_fbt_no_sd,0,
orig_bg_cpuset_pi_bst15_1,idle,2,sched_fbt_pref_idle,331,
orig_bg_cpuset_pi_bst15_1,idle,2,sched_secb_attempts,866,
orig_bg_cpuset_pi_bst15_1,idle,2,sched_secb_count,0,
orig_bg_cpuset_pi_bst15_1,idle,2,sched_secb_idle_bt,0,
orig_bg_cpuset_pi_bst15_1,idle,2,sched_secb_insuff_cap,0,
orig_bg_cpuset_pi_bst15_1,idle,2,sched_secb_no_nrg_sav,856,
orig_bg_cpuset_pi_bst15_1,idle,2,sched_secb_nrg_sav,10,
orig_bg_cpuset_pi_bst15_1,idle,2,sched_secb_sync,0,
orig_bg_cpuset_pi_bst15_1,idle,2,sched_sis_attempts,189,
orig_bg_cpuset_pi_bst15_1,idle,2,sched_sis_cache_affine,76,
orig_bg_cpuset_pi_bst15_1,idle,2,sched_sis_count,22,
orig_bg_cpuset_pi_bst15_1,idle,2,sched_sis_idle,91,
orig_bg_cpuset_pi_bst15_1,idle,2,sched_sis_idle_cpu,21,
orig_bg_cpuset_pi_bst15_1,idle,2,sched_sis_suff_cap,0,
orig_bg_cpuset_pi_bst15_1,idle,2,sched_tob,534,
orig_bg_cpuset_pi_bst15_1,idle,2,sched_tol,627,
orig_bg_cpuset_pi_bst15_1,idle,2,Energy,497.898954678,J
orig_bg_cpuset_pi_bst15_1,idle,2,Power,4151.153,mW (avg)
orig_bg_cpuset_pi_2,audio,2,execution_time,120.030869007,seconds
orig_bg_cpuset_pi_2,audio,2,sched_cas_attempts,32,
orig_bg_cpuset_pi_2,audio,2,sched_fbt_attempts,104445,
orig_bg_cpuset_pi_2,audio,2,sched_fbt_count,104445,
orig_bg_cpuset_pi_2,audio,2,sched_fbt_no_cpu,0,
orig_bg_cpuset_pi_2,audio,2,sched_fbt_no_sd,0,
orig_bg_cpuset_pi_2,audio,2,sched_fbt_pref_idle,67174,
orig_bg_cpuset_pi_2,audio,2,sched_secb_attempts,104445,
orig_bg_cpuset_pi_2,audio,2,sched_secb_count,0,
orig_bg_cpuset_pi_2,audio,2,sched_secb_idle_bt,0,
orig_bg_cpuset_pi_2,audio,2,sched_secb_insuff_cap,0,
orig_bg_cpuset_pi_2,audio,2,sched_secb_no_nrg_sav,104402,
orig_bg_cpuset_pi_2,audio,2,sched_secb_nrg_sav,43,
orig_bg_cpuset_pi_2,audio,2,sched_secb_sync,0,
orig_bg_cpuset_pi_2,audio,2,sched_sis_attempts,173,
orig_bg_cpuset_pi_2,audio,2,sched_sis_cache_affine,18,
orig_bg_cpuset_pi_2,audio,2,sched_sis_count,15,
orig_bg_cpuset_pi_2,audio,2,sched_sis_idle,140,
orig_bg_cpuset_pi_2,audio,2,sched_sis_idle_cpu,14,
orig_bg_cpuset_pi_2,audio,2,sched_sis_suff_cap,0,
orig_bg_cpuset_pi_2,audio,2,sched_tob,4228,
orig_bg_cpuset_pi_2,audio,2,sched_tol,100431,
orig_bg_cpuset_pi_2,audio,2,Energy,524.249073747,J
orig_bg_cpuset_pi_2,audio,2,Power,4370.647,mW (avg)
orig_bg_cpuset_pi_bst15_2,audio,2,execution_time,120.032611132,seconds
orig_bg_cpuset_pi_bst15_2,audio,2,sched_cas_attempts,36,
orig_bg_cpuset_pi_bst15_2,audio,2,sched_fbt_attempts,102734,
orig_bg_cpuset_pi_bst15_2,audio,2,sched_fbt_count,102734,
orig_bg_cpuset_pi_bst15_2,audio,2,sched_fbt_no_cpu,0,
orig_bg_cpuset_pi_bst15_2,audio,2,sched_fbt_no_sd,0,
orig_bg_cpuset_pi_bst15_2,audio,2,sched_fbt_pref_idle,67706,
orig_bg_cpuset_pi_bst15_2,audio,2,sched_secb_attempts,102734,
orig_bg_cpuset_pi_bst15_2,audio,2,sched_secb_count,0,
orig_bg_cpuset_pi_bst15_2,audio,2,sched_secb_idle_bt,0,
orig_bg_cpuset_pi_bst15_2,audio,2,sched_secb_insuff_cap,0,
orig_bg_cpuset_pi_bst15_2,audio,2,sched_secb_no_nrg_sav,102671,
orig_bg_cpuset_pi_bst15_2,audio,2,sched_secb_nrg_sav,63,
orig_bg_cpuset_pi_bst15_2,audio,2,sched_secb_sync,0,
orig_bg_cpuset_pi_bst15_2,audio,2,sched_sis_attempts,227,
orig_bg_cpuset_pi_bst15_2,audio,2,sched_sis_cache_affine,103,
orig_bg_cpuset_pi_bst15_2,audio,2,sched_sis_count,23,
orig_bg_cpuset_pi_bst15_2,audio,2,sched_sis_idle,101,
orig_bg_cpuset_pi_bst15_2,audio,2,sched_sis_idle_cpu,23,
orig_bg_cpuset_pi_bst15_2,audio,2,sched_sis_suff_cap,0,
orig_bg_cpuset_pi_bst15_2,audio,2,sched_tob,58180,
orig_bg_cpuset_pi_bst15_2,audio,2,sched_tol,44838,
orig_bg_cpuset_pi_bst15_2,audio,2,Energy,543.1167562,J
orig_bg_cpuset_pi_bst15_2,audio,2,Power,4528.429,mW (avg)
orig_bg_cpuset_pi_3,video,2,execution_time,60.0542850494,seconds
orig_bg_cpuset_pi_3,video,2,sched_cas_attempts,4,
orig_bg_cpuset_pi_3,video,2,sched_fbt_attempts,174422,
orig_bg_cpuset_pi_3,video,2,sched_fbt_count,174422,
orig_bg_cpuset_pi_3,video,2,sched_fbt_no_cpu,0,
orig_bg_cpuset_pi_3,video,2,sched_fbt_no_sd,0,
orig_bg_cpuset_pi_3,video,2,sched_fbt_pref_idle,82365,
orig_bg_cpuset_pi_3,video,2,sched_secb_attempts,174422,
orig_bg_cpuset_pi_3,video,2,sched_secb_count,0,
orig_bg_cpuset_pi_3,video,2,sched_secb_idle_bt,0,
orig_bg_cpuset_pi_3,video,2,sched_secb_insuff_cap,0,
orig_bg_cpuset_pi_3,video,2,sched_secb_no_nrg_sav,174308,
orig_bg_cpuset_pi_3,video,2,sched_secb_nrg_sav,114,
orig_bg_cpuset_pi_3,video,2,sched_secb_sync,0,
orig_bg_cpuset_pi_3,video,2,sched_sis_attempts,40,
orig_bg_cpuset_pi_3,video,2,sched_sis_cache_affine,0,
orig_bg_cpuset_pi_3,video,2,sched_sis_count,3,
orig_bg_cpuset_pi_3,video,2,sched_sis_idle,37,
orig_bg_cpuset_pi_3,video,2,sched_sis_idle_cpu,3,
orig_bg_cpuset_pi_3,video,2,sched_sis_suff_cap,0,
orig_bg_cpuset_pi_3,video,2,sched_tob,8782,
orig_bg_cpuset_pi_3,video,2,sched_tol,165690,
orig_bg_cpuset_pi_3,video,2,Energy,326.695008875,J
orig_bg_cpuset_pi_3,video,2,Power,5447.867,mW (avg)
